"","Type","Size"
"1","Plane",6.53
"2","Plane",3.35
"3","Plane",6.66
"4","Plane",6.54
"5","Plane",4.83
"6","Plane",0.92
"7","Plane",2.14
"8","Plane",3.41
"9","Plane",3.99
"10","Plane",8.81
"11","Plane",5.53
"12","Plane",2.4
"13","Plane",1.7
"14","Plane",3.42
"15","Plane",3.4
"16","Plane",3.18
"17","Plane",4.5
"18","Plane",2.22
"19","Plane",4.87
"20","Plane",1.52
"21","Plane",3.55
"22","Plane",4.75
"23","Plane",4.27
"24","Plane",5.61
"25","Plane",3.89
"26","Plane",5.01
"27","Plane",6.17
"28","Plane",2.62
"29","Plane",1.43
"30","Plane",4.09
"31","Plane",3.53
"32","Plane",2.91
"33","Plane",3.13
"34","Plane",2.7
"35","Plane",5.45
"36","Plane",6.3
"37","Plane",5.98
"38","Plane",3.14
"39","Plane",6.48
"40","Plane",3.44
"41","Plane",7.52
"42","Plane",5.12
"43","Plane",3.09
"44","Plane",2.34
"45","Plane",1.67
"46","Plane",1.87
"47","Plane",0.87
"48","Plane",6.31
"49","Plane",5.66
"50","Plane",3.55
"51","Plane",4.53
"52","Plane",3.25
"53","Plane",8.88
"54","Plane",2.41
"55","Plane",3.89
"56","Plane",4.5
"57","Plane",5.24
"58","Plane",3.65
"60","Plane",1.47
"61","Plane",4.72
"62","Plane",3.98
"63","Plane",2.12
"64","Plane",3.77
"65","Plane",2.37
"66","Plane",4.48
"67","Plane",1.15
"68","Plane",4.73
"69","Plane",4.5
"70","Plane",4.13
"71","Plane",4.04
"72","Plane",4.51
"73","Plane",2.7
"74","Plane",3.76
"75","Plane",5.33
"76","Plane",6.2
"77","Plane",4.29
"78","Plane",3.76
"79","Plane",2.18
"80","Plane",1.12
"81","Plane",2.41
"82","Plane",6.51
"83","Plane",5.54
"84","Plane",3.56
"85","Plane",3.15
"86","Plane",3.16
"87","Plane",5.99
"88","Plane",3.45
"89","Plane",6.51
"90","Plane",5.29
"91","Plane",6.6
"92","Plane",2.25
"93","Plane",4.02
"94","Plane",2.24
"95","Plane",5.19
"96","Plane",4.24
"97","Plane",3.44
"98","Plane",6.91
"99","Plane",4.46
"100","Plane",5.99
"101","Plane",5.56
"102","Plane",2.45
"103","Plane",2.77
"104","Plane",4.09
"105","Plane",1.74
"106","Plane",5.15
"107","Plane",1.44
"108","Plane",7.25
"109","Plane",3
"110","Plane",7.36
"111","Plane",3.17
"112","Plane",2.06
"113","Plane",4.05
"114","Plane",4.05
"115","Plane",0.64
"116","Plane",6.11
"117","Plane",1.76
"118","Plane",4.67
"119","Plane",4.99
"120","Plane",4.28
"121","Plane",3.76
"122","Plane",4.4
"123","Plane",1.86
"124","Plane",2.39
"125","Plane",1.77
"126","Plane",7.16
"127","Plane",7
"128","Plane",4.53
"129","Plane",1.53
"130","Plane",3.99
"131","Plane",7.02
"132","Plane",3.05
"133","Plane",5.6
"134","Plane",2.05
"135","Plane",5.38
"136","Plane",2.09
"137","Plane",1.54
"138","Plane",2.09
"139","Plane",2.26
"140","Plane",2.18
"141","Plane",5.48
"142","Plane",4.14
"143","Plane",3.35
"144","Plane",1.83
"145","Plane",1.97
"146","Plane",2.46
"147","Plane",1.76
"148","Plane",3.1
"149","Plane",4.94
"150","Plane",1.64
"151","Plane",6.94
"152","Plane",1.38
"153","Plane",3.81
"154","Plane",8.74
"155","Plane",5.78
"156","Plane",3.5
"157","Plane",2.27
"158","Plane",5.17
"159","Plane",3.97
"160","Plane",3.25
"161","Plane",4.64
"162","Plane",3.02
"163","Plane",9.32
"164","Plane",7.36
"165","Plane",5.56
"166","Plane",5.43
"167","Plane",2.91
"168","Plane",5.77
"169","Plane",3.3
"170","Plane",1.98
"171","Plane",7.77
"172","Plane",2.14
"173","Plane",3.41
"174","Plane",2.77
"175","Plane",2.11
"176","Plane",5.2
"177","Plane",0.95
"178","Plane",3.59
"179","Plane",2.85
"180","Plane",1.22
"181","Plane",3.86
"182","Plane",3.14
"183","Plane",2.82
"184","Plane",5.96
"185","Plane",5.06
"186","Plane",3.82
"187","Plane",4.31
"188","Plane",2.53
"189","Plane",3.6
"190","Plane",6.2
"191","Plane",3.97
"192","Plane",4.32
"193","Plane",8.05
"194","Plane",2.59
"195","Plane",5.92
"196","Plane",7.58
"197","Plane",1.87
"198","Plane",4.04
"199","Plane",3.22
"200","Plane",3.02
"201","Plane",1.91
"202","Plane",2.21
"203","Plane",6.54
"204","Plane",5.19
"205","Plane",5.55
"206","Plane",7.11
"207","Plane",3.27
"208","Plane",5.63
"209","Plane",3.88
"210","Plane",3
"211","Plane",5.85
"212","Plane",4.07
"213","Plane",1.87
"214","Plane",3.52
"215","Plane",6.99
"216","Plane",6.34
"217","Plane",1.08
"218","Plane",4.19
"219","Plane",5.7
"220","Plane",0.75
"221","Plane",6.82
"222","Plane",2.92
"223","Plane",4.56
"224","Plane",3.61
"225","Plane",7.15
"226","Plane",1.05
"227","Plane",3.71
"228","Plane",1.85
"229","Plane",4.81
"230","Plane",8.46
"231","Plane",0.97
"232","Plane",3.88
"233","Plane",3.71
"234","Plane",7.08
"235","Plane",2.04
"236","Plane",4.99
"237","Plane",7.39
"238","Plane",3.48
"239","Plane",2.59
"240","Plane",3.68
"241","Plane",5
"242","Plane",1.97
"243","Plane",7.23
"244","Plane",4.01
"246","Plane",1.79
"247","Plane",7.1
"248","Plane",2.05
"249","Plane",3.8
"250","Plane",4.09
"251","Plane",0.81
"252","Plane",4.98
"253","Plane",4.84
"254","Plane",7.75
"255","Plane",6.07
"256","Plane",4.16
"257","Plane",3.83
"258","Plane",5.21
"259","Plane",2.23
"260","Plane",4.21
"261","Plane",4.71
"262","Plane",5.1
"263","Plane",1.73
"264","Plane",6.92
"265","Plane",5.4
"266","Plane",9.01
"267","Plane",0.22
"268","Plane",2.82
"269","Plane",0.57
"270","Plane",3.16
"271","Plane",4.62
"272","Plane",7.41
"273","Plane",3.11
"274","Plane",1.6
"275","Plane",3.39
"276","Plane",5.24
"277","Plane",4.36
"278","Plane",6.64
"279","Plane",3.4
"280","Plane",0.7
"281","Plane",5.9
"282","Plane",1.77
"283","Plane",5.23
"284","Plane",5.03
"285","Plane",4.74
"286","Plane",7.45
"287","Plane",3.59
"288","Plane",1.37
"289","Plane",4.13
"290","Plane",3.54
"291","Plane",5.27
"292","Plane",7.27
"293","Plane",0.38
"294","Plane",3.57
"295","Plane",4.14
"296","Plane",5.1
"297","Plane",2.61
"298","Plane",4.78
"299","Plane",4.76
"300","Plane",3.98
"301","Plane",3.75
"302","Plane",6.93
"303","Plane",5.35
"304","Plane",7.91
"305","Plane",3.46
"306","Plane",1.51
"307","Plane",3.21
"308","Plane",4.19
"309","Plane",3.52
"310","Plane",3.18
"311","Plane",0.85
"312","Plane",2.41
"313","Plane",1.81
"314","Plane",4.62
"315","Plane",4.69
"316","Plane",7.08
"317","Plane",3.34
"318","Plane",5.9
"319","Plane",3.04
"320","Plane",0.97
"321","Plane",4.87
"322","Plane",2.96
"323","Plane",2.33
"324","Plane",2.49
"325","Plane",6.18
"326","Plane",7.14
"327","Plane",6.01
"328","Plane",3.45
"329","Plane",1.38
"330","Plane",4.45
"331","Plane",6.23
"332","Plane",5.67
"333","Plane",4.63
"334","Plane",4.44
"335","Plane",2.31
"336","Plane",4.89
"337","Plane",4.11
"338","Plane",4.14
"339","Plane",3.6
"340","Plane",1.68
"341","Plane",2.81
"342","Plane",5.53
"343","Plane",4.08
"344","Plane",4.03
"345","Plane",3.63
"346","Plane",6.8
"347","Plane",4.04
"348","Plane",4.5
"349","Plane",4.3
"350","Plane",2.07
"351","Plane",3.87
"352","Plane",6.57
"353","Plane",4.92
"354","Plane",1.1
"355","Plane",4.15
"356","Plane",5.12
"357","Plane",3.85
"358","Plane",5.57
"359","Plane",3.65
"360","Plane",1.9
"361","Plane",5.46
"362","Plane",4.53
"363","Plane",5.09
"364","Plane",6.08
"365","Plane",4.4
"366","Plane",0.74
"367","Plane",4.24
"368","Plane",0.73
"369","Plane",2.94
"370","Plane",5.91
"371","Plane",0.56
"372","Plane",4.21
"373","Plane",2.78
"374","Plane",3.4
"375","Plane",5.95
"376","Plane",4.91
"377","Plane",6.59
"378","Plane",1.73
"379","Plane",2.26
"380","Plane",2.49
"381","Plane",3.74
"382","Plane",2
"383","Plane",2.36
"384","Plane",2.05
"385","Plane",5.21
"386","Plane",5.1
"387","Plane",5.83
"388","Plane",9.32
"389","Plane",3.64
"390","Plane",5.37
"391","Plane",10.53
"392","Plane",5.12
"393","Plane",3.86
"394","Plane",2.06
"395","Plane",2.91
"396","Plane",0.62
"397","Plane",0.86
"398","Plane",3.19
"399","Plane",4.64
"400","Plane",4.08
"401","Plane",3.22
"402","Plane",0.36
"403","Plane",5.32
"404","Plane",4.92
"405","Plane",7.23
"406","Plane",0.29
"407","Plane",3.43
"408","Plane",7.5
"409","Plane",4.23
"410","Plane",6.77
"411","Plane",5.15
"412","Plane",4.27
"413","Plane",5.83
"414","Plane",0.4
"415","Plane",3.32
"416","Plane",5.21
"417","Plane",6.68
"418","Plane",5.53
"419","Plane",4.39
"420","Plane",6.28
"421","Plane",4.03
"422","Plane",1.79
"423","Plane",3.95
"424","Plane",3.67
"425","Plane",4.74
"426","Plane",3.24
"427","Plane",5.31
"428","Plane",8.12
"429","Plane",0.41
"430","Plane",5.17
"431","Plane",2.55
"432","Plane",2.74
"433","Plane",0.37
"434","Plane",3.48
"435","Plane",4.67
"436","Plane",1.15
"437","Plane",7.88
"438","Plane",2.48
"440","Plane",3.77
"441","Plane",8.7
"442","Plane",7.19
"443","Plane",6.55
"444","Plane",5.58
"445","Plane",4.92
"446","Plane",3.12
"447","Plane",0.98
"449","Plane",1.64
"450","Plane",0.43
"451","Plane",2.02
"452","Plane",5.46
"453","Plane",2.23
"454","Plane",0.92
"455","Plane",2.06
"456","Plane",0.56
"457","Plane",5.61
"458","Plane",1
"459","Plane",3.71
"460","Plane",5.16
"461","Plane",6.4
"462","Plane",7.79
"463","Plane",0.48
"464","Plane",5.85
"465","Plane",2.89
"466","Plane",3.64
"467","Plane",6.89
"468","Plane",2.79
"469","Plane",5.36
"470","Plane",3.81
"471","Plane",3.02
"472","Plane",6.82
"473","Plane",3.55
"474","Plane",3.58
"475","Plane",5.39
"476","Plane",5.83
"477","Plane",2.15
"478","Plane",6.29
"479","Plane",2.73
"480","Plane",2.23
"482","Plane",3.71
"483","Plane",4.63
"484","Plane",2.59
"485","Plane",6.48
"486","Plane",5.24
"487","Plane",4.2
"488","Plane",7.62
"489","Plane",1
"490","Plane",4.57
"491","Plane",5.69
"492","Plane",2.01
"493","Plane",3.49
"494","Plane",3.89
"495","Plane",3.11
"496","Plane",4.14
"497","Plane",3.69
"498","Plane",2.34
"499","Plane",5.52
"500","Plane",2.85
"501","Plane",2.75
"502","Plane",4.96
"503","Plane",7.39
"504","Plane",0.48
"505","Plane",4.4
"506","Plane",4.79
"507","Plane",4.06
"508","Plane",9.12
"509","Plane",6.51
"510","Plane",2.93
"511","Plane",2.75
"512","Plane",5.83
"513","Plane",6.01
"514","Plane",5.44
"515","Plane",2.79
"516","Plane",5.08
"517","Plane",3.85
"518","Plane",7.7
"519","Plane",2.29
"520","Plane",4.07
"521","Plane",1.95
"522","Plane",2.04
"523","Plane",4.01
"524","Plane",3.53
"525","Plane",3
"526","Plane",7.1
"527","Plane",4.17
"528","Plane",6.64
"529","Plane",2.04
"530","Plane",3.51
"531","Plane",1.19
"532","Plane",6.88
"533","Plane",2.04
"534","Plane",6.95
"535","Plane",2.02
"536","Plane",3.81
"538","Plane",3.51
"539","Plane",4.03
"540","Plane",0.16
"541","Plane",3.42
"542","Plane",3.31
"543","Plane",0.32
"544","Plane",5.8
"545","Plane",1.57
"546","Plane",3.56
"547","Plane",5.13
"548","Plane",2.95
"549","Plane",5.49
"550","Plane",4.26
"551","Plane",6.98
"552","Plane",2.67
"553","Plane",1.68
"554","Plane",4.72
"555","Plane",3.61
"556","Plane",3.41
"557","Plane",4.99
"558","Plane",4.97
"559","Plane",4.04
"560","Plane",5.27
"561","Plane",5.51
"562","Plane",5.67
"563","Plane",5.93
"564","Plane",6.59
"565","Plane",3.73
"566","Plane",3.12
"567","Plane",1.55
"568","Plane",3.52
"569","Plane",2.15
"570","Plane",4.82
"571","Plane",3.6
"572","Plane",2.89
"573","Plane",2.05
"574","Plane",4.12
"575","Plane",2.81
"576","Plane",1.48
"577","Plane",1.18
"578","Plane",6.2
"579","Plane",2.65
"580","Plane",2.48
"581","Plane",3.42
"582","Plane",2.85
"583","Plane",3.11
"584","Plane",3.37
"585","Plane",2.79
"586","Plane",1.81
"587","Plane",5.43
"588","Plane",3.78
"589","Plane",1.11
"590","Plane",5.61
"591","Plane",0.52
"592","Plane",3.2
"593","Plane",3.42
"594","Plane",2.12
"595","Plane",4.58
"596","Plane",0.99
"597","Plane",7.04
"598","Plane",4.73
"599","Plane",7.4
"600","Plane",5.29
"601","Plane",0.62
"602","Plane",5.3
"603","Plane",4.9
"604","Plane",6.05
"605","Plane",6.15
"606","Plane",4.92
"607","Plane",5.26
"608","Plane",2.84
"609","Plane",7.17
"610","Plane",0.47
"611","Plane",0.24
"612","Plane",1.42
"613","Plane",5.82
"614","Plane",1.78
"615","Plane",3.23
"616","Plane",4.17
"617","Plane",3.03
"619","Plane",6.34
"620","Plane",3.85
"621","Plane",5.06
"622","Plane",4.01
"623","Plane",2.94
"624","Plane",4.2
"625","Plane",5.63
"626","Plane",0.99
"627","Plane",1.69
"628","Plane",6.6
"629","Plane",2.19
"630","Plane",4.03
"631","Plane",1.14
"632","Plane",5.38
"633","Plane",5.19
"634","Plane",3.46
"635","Plane",7.11
"636","Plane",2.98
"637","Plane",3.42
"638","Plane",6.2
"639","Plane",4.92
"640","Plane",5.7
"641","Plane",6.93
"642","Plane",4.49
"643","Plane",5.3
"644","Plane",2.72
"645","Plane",4.93
"646","Plane",3.38
"647","Plane",6.55
"648","Plane",3.9
"649","Plane",4.06
"650","Plane",3.99
"652","Plane",2.01
"653","Plane",7.93
"654","Plane",5.41
"655","Plane",4.08
"656","Plane",3.68
"657","Plane",3.68
"658","Plane",4.88
"659","Plane",5.56
"660","Plane",2.04
"661","Plane",3.72
"662","Plane",1.49
"663","Plane",3.14
"664","Plane",5.02
"665","Plane",1.11
"666","Plane",6.04
"667","Plane",6.36
"668","Plane",3.98
"669","Plane",4.54
"670","Plane",6.68
"671","Plane",2.83
"672","Plane",2.13
"673","Plane",1.7
"674","Plane",2.05
"675","Plane",2.58
"676","Plane",4.74
"677","Plane",2.11
"678","Plane",3.45
"679","Plane",4.31
"680","Plane",1.42
"681","Plane",6.84
"682","Plane",6.62
"683","Plane",0.39
"684","Plane",3.03
"685","Plane",3.25
"686","Plane",4.34
"687","Plane",1.65
"688","Plane",3.25
"689","Plane",5.57
"690","Plane",5.98
"691","Plane",4.46
"692","Plane",4.67
"693","Plane",2.71
"694","Plane",3.11
"695","Plane",6.32
"696","Plane",4.13
"697","Plane",2.64
"698","Plane",7.27
"699","Plane",2.83
"700","Plane",6.26
"701","Plane",5.16
"702","Plane",4.76
"703","Plane",3.38
"704","Plane",5.77
"705","Plane",0.72
"706","Plane",2.02
"707","Plane",3.51
"708","Plane",4.31
"709","Plane",4.2
"710","Plane",3.43
"711","Plane",3.41
"712","Plane",4.94
"713","Plane",2.67
"715","Plane",4.01
"716","Plane",5.73
"717","Plane",5.96
"718","Plane",3.42
"719","Plane",3.88
"720","Plane",7.02
"721","Plane",2.71
"722","Plane",3.74
"723","Plane",4.97
"724","Plane",2.71
"725","Plane",3.07
"726","Plane",5.13
"727","Plane",2.55
"728","Plane",4.91
"729","Plane",1.6
"731","Plane",5.24
"732","Plane",3.73
"733","Plane",3.13
"734","Plane",2.96
"735","Plane",5.98
"736","Plane",1.83
"737","Plane",5.92
"738","Plane",1.92
"739","Plane",3.72
"740","Plane",3.57
"741","Plane",5.15
"742","Plane",0.45
"743","Plane",3.49
"744","Plane",3.72
"745","Plane",5.12
"746","Plane",6.24
"747","Plane",2.04
"748","Plane",4.65
"749","Plane",4.9
"750","Plane",6.37
"751","Plane",3.82
"752","Plane",6.29
"753","Plane",4.17
"754","Plane",3.41
"755","Plane",5.02
"756","Plane",4.57
"757","Plane",4.77
"758","Plane",6.01
"759","Plane",3.43
"760","Plane",3.53
"761","Plane",3.59
"762","Plane",6.14
"763","Plane",7.9
"764","Plane",5.93
"765","Plane",6.08
"766","Plane",7.54
"767","Plane",2.86
"768","Plane",1.06
"769","Plane",1.78
"770","Plane",4.51
"771","Plane",4.05
"773","Plane",6.37
"774","Plane",3.56
"775","Plane",3.89
"776","Plane",4.81
"777","Plane",1.38
"778","Plane",2.59
"779","Plane",6.07
"780","Plane",7.95
"781","Plane",5.38
"782","Plane",5.48
"783","Plane",0.58
"784","Plane",6.11
"785","Plane",6.25
"786","Plane",3.29
"787","Plane",4.38
"788","Plane",5.85
"789","Plane",8.31
"790","Plane",1.78
"791","Plane",6.06
"792","Plane",6.75
"793","Plane",5.83
"794","Plane",4.59
"795","Plane",3.7
"796","Plane",4.33
"797","Plane",5.74
"798","Plane",1.84
"799","Plane",1.56
"800","Plane",2.58
"801","Plane",1.15
"802","Plane",0.66
"803","Plane",6.76
"804","Plane",2.16
"805","Plane",2.99
"806","Plane",1.73
"807","Plane",5.03
"808","Plane",5.06
"809","Plane",6.38
"810","Plane",3.08
"811","Plane",6.48
"812","Plane",4.27
"813","Plane",1.4
"814","Plane",6.3
"815","Plane",7.03
"816","Plane",5.6
"817","Plane",3.14
"818","Plane",1.31
"819","Plane",4.07
"820","Plane",1.31
"821","Plane",0.37
"822","Plane",5.41
"823","Plane",3.4
"824","Plane",3.2
"825","Plane",2.71
"826","Plane",6.63
"827","Plane",0.83
"828","Plane",3.11
"829","Plane",5.13
"830","Plane",4.58
"831","Plane",2.77
"832","Plane",3.88
"833","Plane",3.61
"834","Plane",7.37
"835","Plane",4.21
"836","Plane",2.69
"837","Plane",6.37
"838","Plane",1.46
"839","Plane",5.08
"840","Plane",6.46
"841","Plane",1.67
"842","Plane",4.65
"843","Plane",5.9
"844","Plane",6.23
"845","Plane",7.05
"846","Plane",7.84
"847","Plane",4.4
"848","Plane",2.31
"849","Plane",2.49
"850","Plane",5.39
"851","Plane",0.85
"852","Plane",5
"853","Plane",1.69
"854","Plane",2.15
"855","Plane",4.68
"856","Plane",2.82
"857","Plane",2.34
"858","Plane",2.67
"859","Plane",6.83
"860","Plane",1.26
"861","Plane",4.22
"862","Plane",3.07
"863","Plane",9.92
"864","Plane",3.68
"865","Plane",7.64
"866","Plane",5.73
"867","Plane",0.87
"868","Plane",5.03
"869","Plane",5.39
"870","Plane",4.05
"871","Plane",0.1
"872","Plane",8.49
"873","Plane",3.62
"874","Plane",1.2
"875","Plane",6.5
"876","Plane",3.51
"877","Plane",4.49
"878","Plane",2.44
"879","Plane",0.42
"880","Plane",3.66
"881","Plane",5.5
"882","Plane",3.97
"883","Plane",4.06
"884","Plane",4.44
"885","Plane",4.8
"886","Plane",3.48
"887","Plane",3.39
"888","Plane",2.53
"889","Plane",1.24
"890","Plane",1.12
"891","Plane",2.43
"892","Plane",2.52
"893","Plane",3.22
"894","Plane",1.57
"895","Plane",2.22
"896","Plane",7
"897","Plane",4.74
"898","Plane",4.52
"899","Plane",3.95
"900","Plane",2.16
"901","Plane",2.82
"902","Plane",3.26
"903","Plane",4.18
"904","Plane",3.93
"905","Plane",7.61
"906","Plane",3.32
"907","Plane",2.5
"908","Plane",0.72
"909","Plane",2
"910","Plane",9.19
"911","Plane",4.61
"912","Plane",5.82
"913","Plane",4.42
"914","Plane",4.36
"915","Plane",3.67
"916","Plane",5.11
"917","Plane",6.89
"918","Plane",5.8
"919","Plane",3.56
"920","Plane",4.21
"921","Plane",1.1
"922","Plane",6.28
"923","Plane",7.63
"924","Plane",0.98
"925","Plane",3.96
"926","Plane",2.24
"927","Plane",1.61
"928","Plane",6.14
"929","Plane",6.33
"930","Plane",8.06
"931","Plane",5
"932","Plane",0.35
"933","Plane",4.98
"934","Plane",2.61
"935","Plane",3.6
"936","Plane",4.48
"937","Plane",4.14
"938","Plane",5.59
"939","Plane",2.69
"940","Plane",2.65
"941","Plane",4.37
"942","Plane",5.76
"943","Plane",3.22
"944","Plane",2.66
"945","Plane",1.98
"946","Plane",2.5
"947","Plane",3.43
"948","Plane",1.67
"949","Plane",5.38
"951","Plane",3.69
"952","Plane",1.11
"953","Plane",6.43
"954","Plane",2.98
"955","Plane",6.26
"956","Plane",3.16
"957","Plane",3.57
"958","Plane",1.96
"960","Plane",7.29
"961","Plane",1.18
"962","Plane",9.13
"963","Plane",4.65
"964","Plane",2.87
"965","Plane",5.4
"966","Plane",5.76
"967","Plane",3.54
"968","Plane",4.27
"969","Plane",7.69
"970","Plane",1.19
"971","Plane",3.9
"972","Plane",5.59
"973","Plane",1.17
"974","Plane",0.42
"975","Plane",6.71
"976","Plane",2.5
"977","Plane",1.93
"978","Plane",3.93
"979","Plane",2.89
"980","Plane",2.88
"981","Plane",1.16
"982","Plane",2.18
"983","Plane",5.7
"984","Plane",5
"985","Plane",2.72
"986","Plane",8.83
"987","Plane",6.96
"988","Plane",2.52
"989","Plane",3.8
"991","Plane",5.91
"992","Plane",5.12
"993","Plane",3
"994","Plane",3.61
"995","Plane",4.17
"996","Plane",6.04
"997","Plane",2.06
"998","Plane",6.13
"999","Plane",5.51
"1000","Plane",2.59
"1001","Plane",3.43
"1002","Plane",7.68
"1003","Plane",3.69
"1004","Plane",1.22
"1005","Plane",1.05
"1006","Plane",3.86
"1007","Plane",4.48
"1008","Plane",4.5
"1009","Plane",3.47
"1010","Plane",0.05
"1011","Plane",3.1
"1012","Plane",5.85
"1014","Plane",5.23
"1015","Plane",1.05
"1016","Plane",3.56
"1017","Plane",1.19
"1018","Plane",5.64
"1019","Plane",2.81
"1020","Plane",4.84
"1021","Plane",2.4
"1022","Plane",1.63
"1023","Plane",0.98
"1024","Plane",1.69
"1025","Plane",3.29
"1026","Plane",6.77
"1027","Plane",5.14
"1028","Plane",2.72
"1029","Plane",4.48
"1030","Plane",2
"1031","Plane",2.77
"1032","Plane",4.32
"1033","Plane",9.37
"1034","Plane",4.46
"1035","Plane",4.2
"1037","Plane",6.35
"1038","Plane",6.5
"1039","Plane",0.75
"1040","Plane",3.99
"1041","Plane",2.33
"1042","Plane",4.24
"1043","Plane",3
"1044","Plane",6.05
"1045","Plane",4.44
"1046","Plane",4.17
"1047","Plane",4.78
"1048","Plane",0.36
"1049","Plane",1.65
"1050","Plane",6.73
"1051","Plane",4.38
"1052","Plane",4.81
"1053","Plane",1.19
"1054","Plane",8.34
"1055","Plane",2.92
"1056","Plane",4.97
"1057","Plane",3.48
"1058","Plane",5.85
"1059","Plane",2.18
"1060","Plane",5.97
"1061","Plane",6.01
"1062","Plane",2.42
"1063","Plane",0.68
"1064","Plane",4.8
"1066","Plane",5.46
"1067","Plane",5.51
"1068","Plane",5.58
"1069","Plane",3.32
"1070","Plane",7.65
"1071","Plane",3.7
"1072","Plane",2.06
"1073","Plane",3.22
"1074","Plane",1.47
"1075","Plane",1.44
"1076","Plane",4.41
"1077","Plane",4.09
"1078","Plane",2.92
"1079","Plane",3.56
"1080","Plane",3.69
"1081","Plane",3.39
"1082","Plane",7.54
"1083","Plane",2.81
"1084","Plane",5.38
"1085","Plane",3.32
"1086","Plane",1.88
"1087","Plane",2.12
"1088","Plane",4.31
"1089","Plane",2.86
"1090","Plane",4.32
"1091","Plane",4.68
"1092","Plane",5.47
"1093","Plane",1.95
"1094","Plane",6.73
"1095","Plane",0.17
"1096","Plane",0.15
"1097","Plane",6.27
"1098","Plane",6.48
"1099","Plane",1.68
"1100","Plane",4.99
"1101","Plane",1.34
"1102","Plane",7.19
"1103","Plane",4.12
"1104","Plane",3.71
"1105","Plane",3.31
"1106","Plane",1.51
"1107","Plane",5.69
"1108","Plane",4
"1109","Plane",4.98
"1110","Plane",2.37
"1111","Plane",3.14
"1112","Plane",4.47
"1113","Plane",0.49
"1114","Plane",2.09
"1115","Plane",2.74
"1116","Plane",5.13
"1117","Plane",2.09
"1118","Plane",1.81
"1119","Plane",4.82
"1120","Plane",2.47
"1121","Plane",6.01
"1122","Plane",0.6
"1123","Plane",3.23
"1124","Plane",2.38
"1125","Plane",2.95
"1126","Plane",5.43
"1127","Plane",5.4
"1128","Plane",2.46
"1129","Plane",0.25
"1130","Plane",2.46
"1131","Plane",6.67
"1132","Plane",3.96
"1133","Plane",2.24
"1134","Plane",4.02
"1135","Plane",5.65
"1136","Plane",7.7
"1137","Plane",5.08
"1138","Plane",2.02
"1139","Plane",8.55
"1140","Plane",4.18
"1141","Plane",6.84
"1142","Plane",6.6
"1144","Plane",7.28
"1145","Plane",3.78
"1146","Plane",2.32
"1147","Plane",4.15
"1148","Plane",4.16
"1149","Plane",4.05
"1150","Plane",3.7
"1151","Plane",7.01
"1152","Plane",6.06
"1153","Plane",4.67
"1154","Plane",2.84
"1155","Plane",6.49
"1156","Plane",5.38
"1157","Plane",3.17
"1158","Plane",3.02
"1159","Plane",3.52
"1160","Plane",3.69
"1161","Plane",4.78
"1162","Plane",5.78
"1163","Plane",4.45
"1164","Plane",0.64
"1165","Plane",4.72
"1166","Plane",6.22
"1167","Plane",1.39
"1168","Plane",0.22
"1169","Plane",5.59
"1170","Plane",3.23
"1171","Plane",5.03
"1172","Plane",3.53
"1173","Plane",7.48
"1174","Plane",6.41
"1175","Plane",5.31
"1176","Plane",5.68
"1177","Plane",5.92
"1178","Plane",6.27
"1179","Plane",2.15
"1180","Plane",7.19
"1181","Plane",1.17
"1183","Plane",3.63
"1184","Plane",5.27
"1185","Plane",4.8
"1186","Plane",5.18
"1187","Plane",4.22
"1188","Plane",2.8
"1189","Plane",4.3
"1190","Plane",7.62
"1191","Plane",3.46
"1192","Plane",5
"1193","Plane",4.99
"1194","Plane",6.46
"1195","Plane",1.82
"1196","Plane",3.26
"1197","Plane",4.58
"1198","Plane",3.16
"1199","Plane",4.37
"1200","Plane",3.5
"1201","Plane",2.08
"1202","Plane",0.76
"1203","Plane",5.65
"1204","Plane",4.22
"1205","Plane",5.52
"1207","Plane",6.13
"1208","Plane",4.69
"1209","Plane",3.09
"1210","Plane",5.08
"1211","Plane",4.56
"1212","Plane",5.26
"1213","Plane",5.06
"1214","Plane",4.33
"1215","Plane",4.29
"1216","Plane",2.79
"1217","Plane",4.91
"1218","Plane",2.93
"1219","Plane",6.63
"1220","Plane",4.21
"1221","Plane",6.89
"1222","Plane",3.3
"1223","Plane",3.59
"1224","Plane",5.69
"1225","Plane",6.27
"1226","Plane",1.73
"1227","Plane",5.68
"1228","Plane",6.2
"1229","Plane",3.12
"1230","Plane",5.41
"1231","Plane",2.7
"1232","Plane",2.94
"1233","Plane",3.65
"1234","Plane",2.6
"1235","Bird",2.24
"1236","Bird",1.48
"1237","Bird",1.29
"1238","Bird",0.68
"1239","Bird",1.53
"1240","Bird",1.11
"1241","Bird",1.29
"1242","Bird",1.32
"1243","Bird",0.66
"1244","Bird",1.73
"1245","Bird",1.6
"1246","Bird",1.7
"1247","Bird",1.07
"1248","Bird",0.56
"1249","Bird",2.47
"1250","Bird",2.2
"1251","Bird",1.27
"1252","Bird",0.77
"1253","Bird",1.4
"1254","Bird",1.47
"1255","Bird",0.46
"1256","Bird",1.35
"1257","Bird",1.54
"1258","Bird",2.34
"1259","Bird",0.94
"1260","Bird",2.7
"1261","Bird",2.13
"1262","Bird",1.47
"1263","Bird",1.31
"1264","Bird",1.7
"1265","Bird",2.13
"1266","Bird",2.22
"1267","Bird",1.59
"1268","Bird",1.11
"1269","Bird",2.05
"1270","Bird",2.02
"1271","Bird",1.2
"1272","Bird",0.97
"1273","Bird",1.43
"1274","Bird",1.67
"1275","Bird",1.38
"1276","Bird",0.98
"1277","Bird",1.07
"1278","Bird",1.91
"1279","Bird",1.84
"1280","Bird",1.67
"1281","Bird",1.17
"1282","Bird",1.42
"1283","Bird",0.93
"1284","Bird",1.95
"1285","Bird",0.6
"1286","Bird",1.38
"1287","Bird",1.38
"1288","Bird",1.18
"1289","Bird",2.73
"1290","Bird",2.61
"1291","Bird",1.24
"1292","Bird",1.72
"1293","Bird",1.66
"1294","Bird",1.72
"1295","Bird",1.74
"1296","Bird",1.16
"1297","Bird",0.42
"1298","Bird",1.28
"1299","Bird",1.83
"1300","Bird",1.21
"1301","Bird",1.66
"1302","Bird",1.11
"1303","Bird",1.61
"1304","Bird",1.74
"1305","Bird",1.53
"1306","Bird",0.98
"1307","Bird",2.08
"1308","Bird",1.46
"1309","Bird",0.86
"1310","Bird",1.16
"1311","Bird",1.55
"1312","Bird",1.08
"1313","Bird",0.58
"1314","Bird",0.98
"1315","Bird",1.44
"1316","Bird",1.53
"1317","Bird",2.23
"1318","Bird",1.15
"1319","Bird",1.05
"1320","Bird",1.15
"1321","Bird",1.98
"1322","Bird",1.06
"1323","Bird",1.43
"1324","Bird",2.53
"1325","Bird",0.85
"1326","Bird",1.08
"1327","Bird",1.26
"1328","Bird",0.69
"1329","Bird",1.59
"1330","Bird",0.45
"1331","Bird",1.3
"1332","Bird",1.05
"1333","Bird",1.13
"1334","Bird",2.06
"1335","Bird",1.84
"1336","Bird",2.38
"1337","Bird",2.01
"1338","Bird",1.57
"1339","Bird",1.18
"1340","Bird",1.61
"1341","Bird",1.64
"1342","Bird",1.35
"1343","Bird",0.75
"1344","Bird",1.86
"1345","Bird",1.09
"1346","Bird",0.87
"1347","Bird",1.52
"1348","Bird",1.29
"1349","Bird",1.97
"1350","Bird",1.29
"1351","Bird",2.06
"1352","Bird",1.64
"1353","Bird",1.6
"1354","Bird",1.39
"1355","Bird",2.1
"1356","Bird",1.27
"1357","Bird",1.17
"1358","Bird",1.6
"1359","Bird",1.6
"1360","Bird",2.5
"1361","Bird",1.47
"1362","Bird",1.9
"1363","Bird",1.48
"1364","Bird",2.27
"1365","Bird",1.78
"1366","Bird",1.82
"1367","Bird",1.64
"1368","Bird",1.04
"1369","Bird",1.2
"1370","Bird",1.78
"1371","Bird",0.98
"1372","Bird",2.11
"1373","Bird",0.85
"1374","Bird",0.91
"1375","Bird",0.93
"1376","Bird",1.55
"1377","Bird",2.05
"1378","Bird",0.72
"1379","Bird",1.3
"1380","Bird",1.54
"1381","Bird",0.71
"1382","Bird",1.37
"1383","Bird",1.4
"1384","Bird",2.02
"1385","Bird",1.83
"1386","Bird",0.85
"1387","Bird",0.93
"1388","Bird",1.13
"1389","Bird",0.44
"1390","Bird",0.92
"1391","Bird",1.9
"1392","Bird",1.3
"1393","Bird",1.88
"1394","Bird",1.9
"1395","Bird",1.12
"1396","Bird",1.27
"1397","Bird",2.45
"1398","Bird",1.33
"1399","Bird",1.61
"1400","Bird",2.07
"1401","Bird",1.44
"1402","Bird",1.57
"1403","Bird",0.88
"1404","Bird",2.5
"1405","Bird",1.11
"1406","Bird",0.91
"1407","Bird",1.22
"1408","Bird",2.38
"1409","Bird",0.61
"1410","Bird",1.4
"1411","Bird",0.88
"1412","Bird",0.98
"1413","Bird",1.51
"1414","Bird",1.74
"1415","Bird",2.33
"1416","Bird",1.3
"1417","Bird",1.72
"1418","Bird",0.12
"1419","Bird",1.57
"1420","Bird",2.32
"1421","Bird",1.75
"1422","Bird",1.45
"1423","Bird",1.42
"1424","Bird",1.21
"1425","Bird",1.74
"1426","Bird",1.72
"1427","Bird",2.24
"1428","Bird",0.44
"1429","Bird",1.51
"1430","Bird",1.2
"1431","Bird",1.36
"1432","Bird",1.36
"1433","Bird",1.14
"1434","Bird",1.65
"1435","Bird",1.14
"1436","Bird",0.72
"1437","Bird",2.04
"1438","Bird",1.37
"1439","Bird",1.4
"1440","Bird",1.48
"1441","Bird",0.92
"1442","Bird",1.81
"1443","Bird",1.66
"1444","Bird",0.82
"1445","Bird",1.64
"1446","Bird",1.37
"1447","Bird",1.91
"1448","Bird",1.38
"1449","Bird",1.64
"1450","Bird",2.17
"1451","Bird",2.4
"1452","Bird",0.96
"1453","Bird",1.44
"1454","Bird",0.82
"1455","Bird",1.74
"1456","Bird",1.65
"1457","Bird",1.22
"1458","Bird",1.02
"1459","Bird",2.68
"1460","Bird",1.49
"1461","Bird",1.65
"1462","Bird",1.07
"1463","Bird",2.25
"1464","Bird",2.11
"1465","Bird",1.56
"1466","Bird",1.55
"1467","Bird",1.93
"1468","Bird",1.37
"1469","Bird",1.43
"1470","Bird",0.57
"1471","Bird",1.73
"1472","Bird",2.91
"1473","Bird",1.66
"1474","Bird",0.88
"1475","Bird",1.92
"1476","Bird",1.8
"1477","Bird",1.68
"1478","Bird",1.55
"1479","Bird",1.8
"1480","Bird",1.27
"1481","Bird",0.7
"1482","Bird",1.78
"1483","Bird",1.63
"1484","Bird",2.04
"1485","Bird",0.89
"1486","Bird",0.73
"1487","Bird",0.67
"1488","Bird",1.89
"1489","Bird",2.03
"1490","Bird",1.13
"1491","Bird",1.43
"1492","Bird",0.79
"1493","Bird",1.93
"1494","Bird",0.69
"1495","Bird",1.57
"1496","Bird",1.86
"1497","Bird",1.47
"1498","Bird",1.59
"1499","Bird",1.18
"1500","Bird",1.17
"1501","Bird",1.54
"1502","Bird",1.47
"1503","Bird",1.37
"1504","Bird",2.28
"1505","Bird",1.31
"1506","Bird",2.37
"1507","Bird",0.95
"1508","Bird",1.93
"1509","Bird",1.77
"1510","Bird",0.8
"1511","Bird",2.25
"1512","Bird",0.88
"1513","Bird",0.99
"1514","Bird",1.22
"1515","Bird",0.96
"1516","Bird",1.32
"1517","Bird",1.21
"1518","Bird",1.45
"1519","Bird",1.32
"1520","Bird",0.28
"1521","Bird",1.29
"1522","Bird",1.32
"1523","Bird",1.22
"1524","Bird",0.81
"1525","Bird",1.18
"1526","Bird",2.31
"1527","Bird",1.38
"1528","Bird",1.2
"1529","Bird",1.42
"1530","Bird",0.15
"1531","Bird",0.89
"1532","Bird",1.8
"1533","Bird",1.64
"1534","Bird",1.27
"1535","Bird",1.51
"1536","Bird",2.6
"1537","Bird",0.38
"1538","Bird",1.88
"1539","Bird",1.8
"1540","Bird",1.81
"1541","Bird",1.95
"1542","Bird",1.43
"1543","Bird",1.99
"1544","Bird",1.73
"1545","Bird",1.98
"1546","Bird",0.89
"1547","Bird",1.74
"1548","Bird",2.13
"1549","Bird",1.55
"1550","Bird",0.99
"1551","Bird",2.09
"1552","Bird",0.58
"1553","Bird",0.89
"1554","Bird",1.11
"1555","Bird",1.32
"1556","Bird",2.34
"1557","Bird",0.35
"1558","Bird",1.5
"1559","Bird",1.4
"1560","Bird",1.85
"1561","Bird",1.65
"1562","Bird",0.67
"1563","Bird",1.25
"1564","Bird",1.32
"1565","Bird",2.33
"1566","Bird",1.97
"1567","Bird",2.31
"1568","Bird",1.95
"1569","Bird",1.23
"1570","Bird",2.01
"1571","Bird",2.06
"1572","Bird",1.6
"1573","Bird",2.17
"1574","Bird",1.57
"1575","Bird",2.28
"1576","Bird",1.43
"1577","Bird",1.44
"1578","Bird",1.88
"1579","Bird",1.67
"1580","Bird",0.7
"1581","Bird",1.11
"1582","Bird",0.94
"1583","Bird",1.7
"1584","Bird",0.94
"1585","Bird",1.47
"1586","Bird",2
"1587","Bird",0.36
"1588","Bird",1.43
"1589","Bird",1.91
"1590","Bird",1.01
"1591","Bird",1.84
"1592","Bird",1.85
"1593","Bird",1.34
"1594","Bird",1.44
"1595","Bird",1.61
"1596","Bird",0.94
"1597","Bird",2.04
"1598","Bird",2.13
"1599","Bird",1.91
"1600","Bird",1.76
"1601","Bird",1.19
"1602","Bird",2.91
"1603","Bird",2.25
"1604","Bird",1.48
"1605","Bird",1.08
"1606","Bird",1.72
"1607","Bird",1.32
"1608","Bird",1.3
"1609","Bird",1.58
"1610","Bird",1.36
"1611","Bird",1.74
"1612","Bird",1.87
"1613","Bird",1.13
"1614","Bird",2.15
"1615","Bird",1.71
"1616","Bird",2.25
"1617","Bird",0.55
"1618","Bird",2.05
"1619","Bird",1.49
"1620","Bird",1.54
"1621","Bird",1.55
"1622","Bird",1.68
"1623","Bird",0.73
"1624","Bird",1.48
"1625","Bird",1.54
"1626","Bird",1.91
"1627","Bird",1.33
"1628","Bird",1.52
"1629","Bird",1.4
"1630","Bird",1.61
"1631","Bird",0.87
"1632","Bird",0.69
"1633","Bird",1.13
"1634","Bird",0.66
"1635","Bird",2.23
"1636","Bird",2.29
"1637","Bird",0.17
"1638","Bird",1.52
"1639","Bird",2.04
"1640","Bird",0.74
"1641","Bird",1.39
"1642","Bird",1.36
"1643","Bird",1.63
"1644","Bird",1.61
"1645","Bird",1.76
"1646","Bird",2.5
"1647","Bird",2.03
"1648","Bird",1.24
"1649","Bird",1.86
"1650","Bird",2.04
"1651","Bird",1.94
"1652","Bird",1.45
"1653","Bird",0.48
"1654","Bird",2.53
"1655","Bird",1.81
"1656","Bird",2.38
"1657","Bird",2.17
"1658","Bird",1.66
"1659","Bird",2.02
"1660","Bird",1.86
"1661","Bird",1.87
"1662","Bird",1.95
"1663","Bird",2.27
"1664","Bird",0.9
"1665","Bird",0.52
"1666","Bird",1.29
"1667","Bird",1.77
"1668","Bird",1.27
"1669","Bird",1.36
"1670","Bird",1.63
"1671","Bird",1.14
"1672","Bird",1.26
"1673","Bird",1.44
"1674","Bird",0.97
"1675","Bird",2.48
"1676","Bird",0.61
"1677","Bird",1.95
"1678","Bird",0.56
"1679","Bird",0.85
"1680","Bird",2.09
"1681","Bird",1.57
"1682","Bird",1.86
"1683","Bird",1.77
"1684","Bird",1.68
"1685","Bird",1.33
"1686","Bird",1.67
"1687","Bird",0.61
"1688","Bird",0.75
"1689","Bird",0.93
"1690","Bird",1.6
"1691","Bird",1.58
"1692","Bird",1.5
"1693","Bird",1.28
"1694","Bird",2.07
"1695","Bird",1.44
"1696","Bird",1.24
"1697","Bird",1.91
"1698","Bird",0.59
"1699","Bird",1.59
"1700","Bird",1.57
"1701","Bird",1.91
"1702","Bird",0.77
"1703","Bird",1.72
"1704","Bird",1.84
"1705","Bird",1.2
"1706","Bird",2.49
"1707","Bird",1.59
"1708","Bird",2.38
"1709","Bird",1.35
"1710","Bird",1.72
"1711","Bird",1.08
"1712","Bird",2.36
"1713","Bird",1.38
"1714","Bird",2.09
"1715","Bird",1.66
"1716","Bird",1.53
"1717","Bird",2.28
"1718","Bird",1.67
"1719","Bird",0.88
"1720","Bird",0.97
"1721","Bird",1.28
"1722","Bird",2.45
"1723","Bird",0.56
"1724","Bird",1.46
"1725","Bird",2.62
"1726","Bird",1.71
"1727","Bird",2.09
"1728","Bird",2.35
"1729","Bird",1.97
"1730","Bird",1.8
"1731","Bird",0.73
"1732","Bird",0.55
"1733","Bird",0.93
"1734","Bird",1.52
"1735","Bird",1.43
"1736","Bird",2.14
"1737","Bird",1.57
"1738","Bird",1.08
"1739","Bird",1.24
"1740","Bird",0.55
"1741","Bird",2.25
"1742","Bird",0.66
"1743","Bird",1.99
"1744","Bird",2.09
"1745","Bird",2.15
"1746","Bird",1.6
"1747","Bird",1.09
"1748","Bird",1.99
"1749","Bird",1.59
"1750","Bird",1.13
"1751","Bird",1.59
"1752","Bird",1.91
"1753","Bird",1.55
"1754","Bird",1.88
"1755","Bird",1.46
"1756","Bird",1.83
"1757","Bird",1.24
"1758","Bird",1.06
"1759","Bird",1.2
"1760","Bird",2.2
"1761","Bird",1.34
"1762","Bird",1.28
"1763","Bird",1.89
"1764","Bird",1.36
"1765","Bird",2.76
"1766","Bird",1.8
"1767","Bird",2.37
"1768","Bird",1.77
"1769","Bird",0.63
"1770","Bird",2.13
"1771","Bird",1.78
"1772","Bird",0.98
"1773","Bird",1.78
"1774","Bird",1.99
"1775","Bird",1.05
"1776","Bird",0.85
"1777","Bird",1.89
"1778","Bird",1.12
"1779","Bird",1.89
"1780","Bird",2.01
"1781","Bird",1.92
"1782","Bird",1.6
"1783","Bird",0.83
"1784","Bird",1.68
"1785","Bird",1.57
"1786","Bird",1.08
"1787","Bird",1.42
"1788","Bird",0.97
"1789","Bird",1.6
"1790","Bird",0.51
"1791","Bird",1.34
"1792","Bird",1.73
"1793","Bird",0.64
"1794","Bird",1.09
"1795","Bird",1.3
"1796","Bird",2.05
"1797","Bird",2.53
"1798","Bird",1.45
"1799","Bird",0.94
"1800","Bird",1.53
"1801","Bird",1.41
"1802","Bird",1.62
"1803","Bird",1.21
"1804","Bird",1.84
"1805","Bird",0.77
"1806","Bird",0.93
"1807","Bird",1.01
"1808","Bird",1.9
"1809","Bird",1.63
"1810","Bird",1.12
"1811","Bird",1.21
"1812","Bird",2.21
"1813","Bird",1.03
"1814","Bird",2.06
"1815","Bird",2.3
"1816","Bird",0.87
"1817","Bird",2.32
"1818","Bird",1.39
"1819","Bird",2.26
"1820","Bird",1.43
"1821","Bird",0.73
"1822","Bird",1.03
"1823","Bird",1.21
"1824","Bird",1.81
"1825","Bird",1.49
"1826","Bird",0.79
"1827","Bird",2.01
"1828","Bird",1.61
"1829","Bird",1.24
"1830","Bird",1.98
"1831","Bird",2.24
"1832","Bird",1.23
"1833","Bird",0.89
"1834","Bird",0.62
"1835","Bird",1.81
"1836","Bird",1.31
"1837","Bird",1.87
"1838","Bird",2.5
"1839","Bird",2.12
"1840","Bird",1.23
"1841","Bird",0.7
"1842","Bird",2.38
"1843","Bird",2.36
"1844","Bird",1.13
"1845","Bird",2.23
"1846","Bird",2.02
"1847","Bird",1.9
"1848","Bird",1.22
"1849","Bird",1.56
"1850","Bird",1.31
"1851","Bird",1.96
"1852","Bird",1.39
"1853","Bird",2.06
"1854","Bird",1.51
"1855","Bird",0.93
"1856","Bird",2.04
"1857","Bird",1.66
"1858","Bird",1.17
"1859","Bird",1.11
"1860","Bird",1.02
"1861","Bird",1.49
"1862","Bird",2.1
"1863","Bird",1.86
"1864","Bird",1.28
"1865","Bird",1.89
"1866","Bird",0.68
"1867","Bird",1.84
"1868","Bird",2.19
"1869","Bird",2.01
"1870","Bird",1.2
"1871","Bird",1.22
"1872","Bird",1.36
"1873","Bird",0.88
"1874","Bird",2.15
"1875","Bird",0.57
"1876","Bird",1.42
"1877","Bird",1.41
"1878","Bird",1.46
"1879","Bird",1.48
"1880","Bird",2.08
"1881","Bird",1.28
"1882","Bird",2.48
"1883","Bird",1.93
"1884","Bird",2.04
"1885","Bird",0.62
"1886","Bird",1.11
"1887","Bird",1.56
"1888","Bird",1.08
"1889","Bird",1.01
"1890","Bird",2.21
"1891","Bird",0.48
"1892","Bird",1.11
"1893","Bird",1.79
"1894","Bird",1.41
"1895","Bird",1.02
"1896","Bird",2.33
"1897","Bird",1.64
"1898","Bird",0.53
"1899","Bird",1.28
"1900","Bird",2.29
"1901","Bird",2.49
"1902","Bird",1.83
"1903","Bird",1.52
"1904","Bird",0.39
"1905","Bird",2.22
"1906","Bird",1.13
"1907","Bird",1.73
"1908","Bird",0.9
"1909","Bird",1.8
"1910","Bird",0.22
"1911","Bird",2.65
"1912","Bird",1.14
"1913","Bird",1.83
"1914","Bird",0.53
"1915","Bird",1.6
"1916","Bird",2.56
"1917","Bird",2.04
"1918","Bird",1.71
"1919","Bird",1.26
"1920","Bird",1.41
"1921","Bird",3.02
"1922","Bird",1.29
"1923","Bird",1.22
"1924","Bird",1.19
"1925","Bird",0.93
"1926","Bird",1.7
"1927","Bird",1.59
"1928","Bird",2.1
"1929","Bird",1.72
"1930","Bird",0.87
"1931","Bird",1.34
"1932","Bird",1.55
"1933","Bird",2.63
"1934","Bird",0.97
"1935","Bird",1.38
"1936","Bird",1.9
"1937","Bird",1.19
"1938","Bird",1.27
"1939","Bird",1.15
"1940","Bird",0.6
"1942","Bird",1.45
"1943","Bird",0.85
"1944","Bird",1.6
"1945","Bird",1.91
"1946","Bird",1.13
"1947","Bird",1.45
"1948","Bird",1.15
"1949","Bird",1.5
"1950","Bird",1.08
"1951","Bird",1.16
"1952","Bird",1.92
"1953","Bird",1.19
"1954","Bird",1.94
"1955","Bird",1.61
"1956","Bird",1.22
"1957","Bird",1.23
"1958","Bird",1.67
"1959","Bird",1.12
"1960","Bird",2.08
"1961","Bird",1.36
"1962","Bird",1.23
"1963","Bird",1.36
"1964","Bird",1.61
"1965","Bird",1.59
"1966","Bird",0.9
"1967","Bird",2.28
"1968","Bird",0.63
"1969","Bird",1.31
"1970","Bird",2.07
"1971","Bird",1.49
"1972","Bird",1.05
"1973","Bird",1.3
"1974","Bird",0.96
"1975","Bird",1.98
"1976","Bird",1.88
"1977","Bird",1.36
"1978","Bird",0.97
"1979","Bird",0.94
"1980","Bird",2.18
"1981","Bird",1.89
"1982","Bird",0.38
"1983","Bird",1.52
"1984","Bird",2.76
"1985","Bird",0.99
"1986","Bird",0.64
"1987","Bird",0.37
"1988","Bird",1.39
"1989","Bird",1.12
"1990","Bird",1.96
"1991","Bird",0.85
"1992","Bird",1.21
"1993","Bird",1.98
"1994","Bird",1.39
"1995","Bird",1.23
"1996","Bird",1.5
"1997","Bird",1.33
"1998","Bird",1.26
"1999","Bird",1.61
"2000","Bird",0.93
"2001","Bird",1.72
"2002","Bird",1.51
"2003","Bird",1.5
"2004","Bird",1.35
"2005","Bird",1.75
"2006","Bird",1.2
"2007","Bird",1.16
"2008","Bird",1.64
"2009","Bird",1.58
"2010","Bird",1.08
"2011","Bird",1.09
"2012","Bird",0.79
"2013","Bird",1.57
"2014","Bird",1.81
"2015","Bird",2.06
"2016","Bird",1.96
"2017","Bird",2.55
"2018","Bird",1.9
"2019","Bird",0.16
"2020","Bird",1.39
"2021","Bird",1.53
"2022","Bird",1.58
"2023","Bird",1.42
"2024","Bird",2.61
"2025","Bird",1.89
"2026","Bird",1.95
"2027","Bird",0.85
"2028","Bird",0.46
"2029","Bird",1.88
"2030","Bird",0.62
"2031","Bird",0.45
"2032","Bird",2.02
"2033","Bird",1.86
"2034","Bird",1.06
"2035","Bird",1.16
"2036","Bird",1.09
"2037","Bird",2.38
"2038","Bird",0.75
"2039","Bird",1.43
"2040","Bird",1.8
"2041","Bird",1.48
"2042","Bird",1.4
"2043","Bird",1.4
"2044","Bird",2.53
"2045","Bird",1.17
"2046","Bird",1.15
"2047","Bird",2.02
"2048","Bird",1.48
"2049","Bird",2.37
"2050","Bird",1.7
"2051","Bird",1.78
"2052","Bird",2.54
"2053","Bird",1.16
"2054","Bird",2.17
"2055","Bird",1.2
"2056","Bird",1.47
"2057","Bird",0.94
"2058","Bird",1.66
"2059","Bird",1.71
"2060","Bird",0.76
"2061","Bird",0.83
"2062","Bird",1.82
"2063","Bird",1.41
"2064","Bird",0.5
"2065","Bird",1.33
"2066","Bird",1.71
"2067","Bird",0.96
"2068","Bird",1.52
"2069","Bird",1.18
"2070","Bird",2.2
"2071","Bird",1.6
"2072","Bird",1.79
"2073","Bird",3.01
"2074","Bird",2.05
"2075","Bird",1.39
"2076","Bird",1.27
"2077","Bird",1.71
"2078","Bird",1.29
"2079","Bird",2.08
"2080","Bird",1.9
"2081","Bird",1.69
"2082","Bird",1.67
"2083","Bird",1.73
"2084","Bird",1.47
"2085","Bird",1.67
"2086","Bird",1.61
"2087","Bird",0.64
"2088","Bird",1.02
"2089","Bird",1.29
"2090","Bird",1.61
"2091","Bird",1.84
"2092","Bird",1.67
"2093","Bird",2
"2094","Bird",1.03
"2095","Bird",1.39
"2096","Bird",0.41
"2097","Bird",2.03
"2098","Bird",1.16
"2099","Bird",1.18
"2100","Bird",2.42
"2101","Bird",1.85
"2102","Bird",0.96
"2103","Bird",1.73
"2104","Bird",0.93
"2105","Bird",1.57
"2106","Bird",2.12
"2107","Bird",2.42
"2108","Bird",1.66
"2109","Bird",1.89
"2110","Bird",1.19
"2111","Bird",1.12
"2112","Bird",1.09
"2113","Bird",2.13
"2114","Bird",0.84
"2115","Bird",1.09
"2116","Bird",2.23
"2117","Bird",1.74
"2118","Bird",0.71
"2119","Bird",1.62
"2120","Bird",1.3
"2121","Bird",1.91
"2122","Bird",0.92
"2123","Bird",2.22
"2124","Bird",1.61
"2125","Bird",2.41
"2126","Bird",1.31
"2127","Bird",1.54
"2128","Bird",1.2
"2129","Bird",1.58
"2130","Bird",1.4
"2131","Bird",1.35
"2132","Bird",1.81
"2133","Bird",1.78
"2134","Bird",0.41
"2135","Bird",0.6
"2136","Bird",1.79
"2137","Bird",0.71
"2138","Bird",2.01
"2139","Bird",1.54
"2140","Bird",1.44
"2141","Bird",0.67
"2142","Bird",1.16
"2143","Bird",1.9
"2144","Bird",2.05
"2145","Bird",0.88
"2146","Bird",1.94
"2147","Bird",2.05
"2148","Bird",0.66
"2149","Bird",1.31
"2150","Bird",1.56
"2151","Bird",1.35
"2152","Bird",1.16
"2153","Bird",1.72
"2154","Bird",1.63
"2155","Bird",2.63
"2156","Bird",1.18
"2157","Bird",1.56
"2158","Bird",1.04
"2159","Bird",1.06
"2160","Bird",1.37
"2161","Bird",1.84
"2162","Bird",2.22
"2163","Bird",1.31
"2164","Bird",1.1
"2165","Bird",1.63
"2166","Bird",2.12
"2167","Bird",1.89
"2168","Bird",1.48
"2169","Bird",0.7
"2170","Bird",1.17
"2171","Bird",1.96
"2172","Bird",2.01
"2173","Bird",0.89
"2174","Bird",1.59
"2175","Bird",1.17
"2176","Bird",2.51
"2177","Bird",1.61
"2178","Bird",0.86
"2179","Bird",1.74
"2180","Bird",1.26
"2181","Bird",1.32
"2182","Bird",1.65
"2183","Bird",2.07
"2184","Bird",1.02
"2185","Bird",2.76
"2186","Bird",1.96
"2187","Bird",0.6
"2188","Bird",0.71
"2189","Bird",1.48
"2190","Bird",1.37
"2191","Bird",1.69
"2192","Bird",1.82
"2193","Bird",0.65
"2194","Bird",2.07
"2195","Bird",1.31
"2196","Bird",1.4
"2197","Bird",2.8
"2198","Bird",2.14
"2199","Bird",1.38
"2200","Bird",1.5
"2201","Bird",1.17
"2202","Bird",1.33
"2203","Bird",2.17
"2204","Bird",1.8
"2205","Bird",1.86
"2206","Bird",1.29
"2207","Bird",2.08
"2208","Bird",1.95
"2209","Bird",1.61
"2210","Bird",1.37
"2211","Bird",1.08
"2212","Bird",0.9
"2213","Bird",0.83
"2214","Bird",1.19
"2215","Bird",1.74
"2216","Bird",1.24
"2217","Bird",1.85
"2218","Bird",1.64
"2219","Bird",1.15
"2220","Bird",1.55
"2221","Bird",1.63
"2222","Bird",1.14
"2223","Bird",2.39
"2224","Bird",2.07
"2225","Bird",1.36
"2226","Bird",1.73
"2227","Bird",2.25
"2228","Bird",1.48
"2229","Bird",1.48
"2230","Bird",0.54
"2231","Bird",1.49
"2232","Bird",1.53
"2233","Bird",0.92
"2234","Bird",1.5
"2235","Bird",1.06
"2236","Bird",1.84
"2237","Bird",1.5
"2238","Bird",1.41
"2239","Bird",1.69
"2240","Bird",1.02
"2241","Bird",1.32
"2242","Bird",1.66
"2243","Bird",1.15
"2244","Bird",1.71
"2245","Bird",1.13
"2246","Bird",1.51
"2247","Bird",1.78
"2248","Bird",0.85
"2249","Bird",1.8
"2250","Bird",2.03
"2251","Bird",1.39
"2252","Bird",1.1
"2253","Bird",1.23
"2254","Bird",1.77
"2255","Bird",1.22
"2256","Bird",0.31
"2257","Bird",2.33
"2258","Bird",2.44
"2259","Bird",0.39
"2260","Bird",0.82
"2261","Bird",1.16
"2262","Bird",1.9
"2263","Bird",1.79
"2264","Bird",0.69
"2265","Bird",1.28
"2266","Bird",2
"2267","Bird",1.59
"2268","Bird",1.67
"2269","Bird",1.59
"2270","Bird",2.34
"2271","Bird",1.35
"2272","Bird",2.51
"2273","Bird",1
"2274","Bird",0.74
"2275","Bird",1.18
"2276","Bird",1.1
"2277","Bird",1.28
"2278","Bird",1.38
"2279","Bird",0.8
"2280","Bird",1.17
"2281","Bird",2.8
"2282","Bird",1.82
"2283","Bird",1.38
"2284","Bird",2.57
"2285","Bird",2.02
"2286","Bird",2.07
"2287","Bird",1.49
"2288","Bird",1.55
"2289","Bird",2.05
"2290","Bird",1.05
"2291","Bird",1.35
"2292","Bird",1.62
"2293","Bird",1.38
"2294","Bird",1.61
"2295","Bird",2.28
"2296","Bird",2.4
"2297","Bird",1.06
"2298","Bird",1.53
"2299","Bird",1.21
"2300","Bird",1.55
"2301","Bird",1.42
"2302","Bird",1.94
"2303","Bird",1.57
"2304","Bird",1.76
"2305","Bird",1.7
"2306","Bird",0.71
"2307","Bird",1.79
"2308","Bird",1.58
"2309","Bird",1.24
"2310","Bird",0.7
"2311","Bird",1.09
"2312","Bird",0.99
"2313","Bird",2.11
"2314","Bird",1.87
"2315","Bird",1.89
"2316","Bird",1.59
"2317","Bird",1.37
"2318","Bird",1.13
"2319","Bird",1.37
"2320","Bird",2.3
"2321","Bird",1.7
"2322","Bird",1.41
"2323","Bird",1.41
"2324","Bird",1.48
"2325","Bird",2.16
"2326","Bird",1.31
"2327","Bird",1.12
"2328","Bird",1.61
"2329","Bird",1.69
"2330","Bird",1.98
"2331","Bird",1.12
"2332","Bird",1.72
"2333","Bird",1.44
"2334","Bird",1.15
"2335","Bird",0.96
"2336","Bird",0.79
"2337","Bird",1.5
"2338","Bird",1.15
"2339","Bird",1.35
"2340","Bird",1.25
"2341","Bird",2.53
"2342","Bird",2.33
"2343","Bird",1.15
"2344","Bird",2.55
"2345","Bird",0.98
"2346","Bird",2.12
"2347","Bird",1.66
"2348","Bird",1.18
"2349","Bird",1.07
"2350","Bird",1.98
"2351","Bird",1.98
"2352","Bird",1.02
"2353","Bird",1.9
"2354","Bird",1.9
"2355","Bird",1.11
"2356","Bird",0.42
"2357","Bird",1.43
"2358","Bird",1.31
"2359","Bird",1.24
"2360","Bird",2.23
"2361","Bird",1.52
"2362","Bird",1.73
"2363","Bird",1.53
"2364","Bird",2.24
"2365","Bird",1.84
"2366","Bird",1.8
"2367","Bird",0.76
"2368","Bird",1.68
"2369","Bird",1.91
"2370","Bird",1.47
"2371","Bird",2.63
"2372","Bird",1.78
"2373","Bird",1
"2374","Bird",1.95
"2375","Bird",1.58
"2376","Bird",1.35
"2377","Bird",1.53
"2378","Bird",1.65
"2379","Bird",1.62
"2380","Bird",1.54
"2381","Bird",1.48
"2382","Bird",1.88
"2383","Bird",2.36
"2384","Bird",1.39
"2385","Bird",1.55
"2386","Bird",1.77
"2387","Bird",1.54
"2388","Bird",1.27
"2389","Bird",1.88
"2390","Bird",2.33
"2391","Bird",1.95
"2392","Bird",1.78
"2393","Bird",0.88
"2394","Bird",1.41
"2395","Bird",0.81
"2396","Bird",1.53
"2397","Bird",0.9
"2398","Bird",2.11
"2399","Bird",1.72
"2400","Bird",1.27
"2401","Bird",2.18
"2402","Bird",1.34
"2403","Bird",0.95
"2404","Bird",1.52
"2405","Bird",1.87
"2406","Bird",0.79
"2407","Bird",1.09
"2408","Bird",2.06
"2409","Bird",1.22
"2410","Bird",2.3
"2411","Bird",1.96
"2412","Bird",1.64
"2413","Bird",1.32
"2414","Bird",1.09
"2415","Bird",1.57
"2416","Bird",1.61
"2417","Bird",1.75
"2418","Bird",1.76
"2419","Bird",2.05
"2420","Bird",1.75
"2421","Bird",0.88
"2422","Bird",1.2
"2423","Bird",2.04
"2424","Bird",1.18
"2425","Bird",1.86
"2426","Bird",1.33
"2427","Bird",2.14
"2428","Bird",1.45
"2429","Bird",1.44
"2430","Bird",1.29
"2431","Bird",0.87
"2432","Bird",1.54
"2433","Bird",1.55
"2434","Bird",2.5
"2435","Bird",0.83
"2436","Bird",1.15
"2438","Bird",2.16
"2439","Bird",1.68
"2440","Bird",1.74
"2441","Bird",2.32
"2442","Bird",1.88
"2443","Bird",1.89
"2444","Bird",1.34
"2445","Bird",2.02
"2446","Bird",1.08
"2447","Bird",1.53
"2448","Bird",2.27
"2449","Bird",2.04
"2450","Bird",0.07
"2451","Bird",1.4
"2452","Bird",1.93
"2453","Bird",1.2
"2454","Bird",1.6
"2455","Bird",1.82
"2456","Bird",1.68
"2457","Bird",1.49
"2458","Bird",0.99
"2459","Bird",1.65
"2460","Bird",1.01
"2461","Bird",1.13
"2462","Bird",1.92
"2463","Bird",1.9
"2464","Bird",1.55
"2465","Bird",1.84
"2466","Bird",1.5
"2467","Bird",1.32
"2468","Bird",2.09
"2469","Bird",0.46
"2470","Bird",0.64
"2471","Bird",1.47
"2472","Bird",1.21
"2473","Bird",1.65
"2474","Bird",1.21
"2475","Bird",2.25
"2476","Bird",0.87
"2477","Bird",1.46
"2478","Bird",2.28
"2479","Bird",1.26
"2480","Bird",0.66
"2481","Bird",2.42
"2482","Bird",1.61
"2483","Bird",1.4
"2484","Bird",1.07
"2485","Bird",1.27
"2486","Bird",2.07
"2487","Bird",1.31
"2488","Bird",2.02
"2489","Bird",1.33
"2490","Bird",2.14
"2491","Bird",1.33
"2492","Bird",2.18
"2493","Bird",1.11
"2494","Bird",1.83
"2495","Bird",1.8
"2496","Bird",2.63
"2497","Bird",1.88
"2498","Bird",0.65
"2499","Bird",1.44
"2500","Bird",1.4
"2501","Bird",1.23
"2502","Bird",1.32
"2503","Bird",2.09
"2504","Bird",1.27
"2505","Bird",1.35
"2506","Bird",2.2
"2507","Bird",1.28
"2508","Bird",1.08
"2509","Bird",1.48
"2510","Bird",1.58
"2511","Bird",2.21
"2512","Bird",0.59
"2513","Bird",1.53
"2514","Bird",2.09
"2515","Bird",1.34
"2516","Bird",1.88
"2517","Bird",1.26
"2518","Bird",1.88
"2519","Bird",1.09
"2520","Bird",2.39
"2521","Bird",1.67
"2522","Bird",1.71
"2523","Bird",0.85
"2524","Bird",1.45
"2525","Bird",2.12
"2526","Bird",1.72
"2527","Bird",1.31
"2528","Bird",1.53
"2529","Bird",1.79
"2530","Bird",1.28
"2531","Bird",1.11
"2532","Bird",2.3
"2533","Bird",0.67
"2534","Bird",1.08
"2535","Bird",1.44
"2536","Bird",1.27
"2537","Bird",1.46
"2538","Bird",2.05
"2539","Bird",0.89
"2540","Bird",2.04
"2541","Bird",2.86
"2542","Bird",1.81
"2543","Bird",1.27
"2544","Bird",0.86
"2545","Bird",1.89
"2546","Bird",1.78
"2547","Bird",1.81
"2548","Bird",1.44
"2549","Bird",1.48
"2550","Bird",1.42
"2551","Bird",1.59
"2552","Bird",1.96
"2553","Bird",1.66
"2554","Bird",1.7
"2555","Bird",0.94
"2556","Bird",1.21
"2557","Bird",1.67
"2558","Bird",1.74
"2559","Bird",1.32
"2560","Bird",1.33
"2561","Bird",1.36
"2562","Bird",0.52
"2563","Bird",1.94
"2564","Bird",1.86
"2565","Bird",1.88
"2566","Bird",1.63
"2567","Bird",1.18
"2568","Bird",1.37
"2569","Bird",1.4
"2570","Bird",1.88
"2571","Bird",0.74
"2572","Bird",2.41
"2573","Bird",1.52
"2574","Bird",1.68
"2575","Bird",1.43
"2576","Bird",0.45
"2577","Bird",1.41
"2578","Bird",2.35
"2579","Bird",2.33
"2580","Bird",2.17
"2581","Bird",2.2
"2582","Bird",1.44
"2583","Bird",1.65
"2584","Bird",1.24
"2585","Bird",1.63
"2586","Bird",2.01
"2587","Bird",2.07
"2588","Bird",1.37
"2589","Bird",0.75
"2590","Bird",1.96
"2591","Bird",2.14
